Title,Author Last Name,Author First Nem,Main Genre,Sub-Genre,Read (Y/N),Date Started,Date Completed,Number of Times Read,Cover Value,Price Paid,Year Purchased,Year Read,Purchase Location,Store Name
Manage Your Day to Day,99u,99u,Business,Organization,N,,,,$14.95 ,$14.95 ,2015,,Washington DC,Independent Bookstore
How to Be the MVP of a Compnay,Abrahamson,Dave,Business,Personal Development,N,,,,$9.99 ,$0.00 ,2015,,Alpharetta,In-Person
Things Fall Apart,Achebe,Chinua,Fiction,African,Y,,,,$11.00 ,$11.00 ,2009,,Kennesaw,Barnes & Noble
The Ultimate Hitchhiker's Guide to the Galaxy,Adams,Douglas,Fiction,British,N,,,,$20.00 ,$20.00 ,2017,,Atlanta,Barnes & Noble
Tuesdays With Morrie,Albom,Mitch,Fiction,Memoir,Y,16-Jan,16-Jan,1,$13.99 ,$13.99 ,2016,,Atlanta,Barnes & Noble
Heretic,Ali,Ayan Hirsi,Religion,Islam,N,,,,,,2018,,Online,Amazon
The Divine Comedy Vol1: Inferno,Alighieri,Dante,Poetry,Italian,N,,,,$16.00 ,$16.00 ,2016,,Chicago,
As a Man Thinket,Allen,James,Self-Help,Motivation,Y,15-Jan,15-Jan,1,$14.95 ,$14.95 ,2015,,Atlanta,
Maria,Alvarez,Rodrigo,Religion,Catholicism,N,,,,$15.00 ,$15.00 ,2017,,Natal,
Aparecida,Alvarez,Rodrigo,Religion,Catholicism,N,,,,,,2018,,,
Aparecida,Alvarez,Rodrigo,Religion,Catholicism,N,,,,,,2018,,,
Milagres,Alvarez,Rodrigo,Religion,Catholicism,N,,,,,,2018,,,
Presence,Cuddy,Amy,Science,Psychology,N,16-Jan,,,$28.00 ,$28.00 ,2016,,Atlanta,
The Way of a Pilgrim,Anonymous,Anonymous,Religion,Orthodoxy,Y,17-Nov,17-Dec,1,$14.00 ,$11.20 ,2017,,Amazon,
Selected Writings,Aquinas,Thomas,Religion,Catholicism,N,,,,$17.00 ,$17.00 ,2016,,Atlanta,
The Treatise on the Divine Nature,Aquinas,Thomas,Religion,Catholicism,N,,,,,,2016,,,
Mataphysics,Aristotle,Aristotle,Philosophy,Greek,N,,,,$15.00 ,$15.00 ,2016,,Atlanta,
Nichomachean Ethics,Aristotle,Aristotle,Philosophy,Greek,N,,,,$14.00 ,$12.47 ,2015,,Atlanta,
The Art of Rhetoric,Aristotle,Aristotle,Philosophy,Greek,N,,,,$17.00 ,$0.00 ,2015,,Atlanta,
Every Young Man's Battle,Arterburn,Stephen,Religion,Sex,Y,13-Jan,13-Jan,1,$13.99 ,$0.00 ,2013,,Atlanta,
Zealot,Aslan,Reza,Religion,Atheist Apologetics,N,,,,$27.00 ,$7.00 ,2015,,Atlanta,
On the Incarnation,Athanasius,Athanasius,Religion,Church History,N,,,,$10.00 ,$10.00 ,2017,,Atlanta,
The Handmaid's Tale,Atwood,Margaret,Fiction,American,Y,17-Dec,17-Dec,1,$15.00 ,$15.00 ,2016,,Atlanta,Barnes & Noble
Meditations,Aurelius,Marcus,Philosophy,Roman,N,,,,$11.00 ,$11.00 ,2016,,Atlanta,
The Interior Castle,Avila,Teresa of,Religion,Catholicism,N,,,,$15.00 ,$15.00 ,2015,,Oklahoma City,
The Way of Perfection,Avila,Teresa of,Religion,Catholicism,N,,,,,,2017,,,
To Light a Fire On the Earth,Barron,Robert,Religion,Catholicism,N,,,,$27.00 ,$27.00 ,2017,,Sacramento,
Catholicism,Barron,Robert,Religion,Catholicism,Y,17-Aug,17-Aug,1,$16.00 ,$16.00 ,2017,,Atlanta,
Vibrant Paradoxex,Barron,Robert,Religion,Catholicism,N,,,,,,2018,,,
"The European Philosophers from Descartes
 to Nietzsche",Beardsley,Monroe,Philosophy,European,N,,,,$30.00 ,$15.00 ,2017,,San Francisco,Green Apple Books
The Way of a Pilgrim,Becovcin,Helen,Religion,Orthodoxy,N,,,,$14.00 ,$11.20 ,2017,,Online,Amazon
Jesus of Nazareth,Benedict XVI,Pope,Religion,Catholicism,N,,,,,,2018,,,
Jesus of Nazareth: Holy Week from the Entrance Into Jerusalem to the Resurrection,Benedict XVI,Pope,Religion,Catholicism,N,,,,,,2018,,,
Jesus of Nazareth: The Infancy Gospels,Benedict XVI,Pope,Religion,Catholicism,N,,,,,,2018,,,
Secrets of Mental Math,Benjamin,Arthur,Science,Mathematics,N,,,,,,2011,,,
It's Not What You Think,Bethke,Jefferson,Religion,Protestantism,N,,,,,,2017,,,
How God Became Jesus,Bird,Michael,Religion,Atheist Apologetics,N,,,,$16.99 ,$16.99 ,2016,,Atlanta,
The New One-Minute Manager,Blanchard,Ken,Business,Management,Y,17-Jan,17-Jan,1,$23.99 ,$23.99 ,2017,,Atlanta,
2666,Bolaño,Roberto,Fiction,Chilean,N,,,,$19.95 ,$19.95 ,2011,,Atlanta,
What Color is Your Parachute,Bolles,Richard N,Business,Career Search,Y,16-Jan,16-Jan,1,$19.99 ,$19.99 ,2016,,Los Angeles,
Ethics ,Bonhoeffer,Dietrich,Religion,Living,N,,,,$19.99 ,$16.99 ,2017,,Spokane,
Discipleship,Bonhoeffer,Dietrich,Religion,Living,N,,,,$20.00 ,$20.00 ,2016,,Amazon,
The Cost of Discipleship,Bonhoeffer,Dietrich,Religion,Protestantism,N,,,,,,,,,
Jesus,Borg,Marcus J.,History,Catholicism,N,,,,,,,,,
Borges Esencial,Borges,Jorge Luis,Mixed Fiction & Non-fiction,Argentina,N,,,,$15.00 ,$15.00 ,2017,,Atlanta,
Execution: The Discipline of Getting Things Done,Bossidy,Larry,Business,Entrepreneurship,Y,18-Jun,18-Jun,,$28.00 ,$14.12 ,2018,2018,,
The Spirit and Forms of Protestantism,Bouyer,Louis,Religion,Catholic Apologetics,N,,,,$20.00 ,$20.00 ,2016,,Atlanta,
Righteous Indignation,Breitbart,Andrew,Politics,American,Y,,Apr-18,1,17.99,11.5,2018,2018,Online,Amazon
Jane Eyre,Bronte,Charlote,Fiction,British,N,,,,$8.00 ,$8.00 ,2015,,,
Angels & Demons,Brown,Dan,Fiction,American,Y,16-Jan,16-Jan,1,$16.00 ,$16.00 ,2016,,Atlanta,
O Codigo Da Vinci,Brown,Dan,Fiction,American,N,,,,$16.00 ,$0.00 ,2016,,Natal,
The Da Vinci Code,Brown,Dan,Fiction,American,Y,16-Jan,16-Jan,1,$9.99 ,$9.99 ,2016,2016,Atlanta,
The Lost Symbol,Brown,Dan,Fiction,American,Y,16-Jan,16-Jan,1,$16.00 ,$16.00 ,2016,,Atlanta,
Inferno,Brown,Dan,Fiction,American,Y,16-Jan,17-Dec,1,$16.00 ,$16.00 ,2016,,Atlanta,
A Short History of Nearly Everything,Bryson,Bill,History,World,N,,,,$16.99 ,$6.98 ,2017,,San Francisco,Green Apple Books
The Relic Master,Buckley,Christopher,Fiction,American,N,,,,,,,,,
The Pilgrim's Progres,Bunyan ,John,Fiction,British,Y,15-Jan,15-Jan,1,$11.00 ,$11.00 ,2015,,Atlanta,
The Go-Giver Leader,Burg,Bob,Business,Management,N,15-Jan,,,$25.00 ,$25.00 ,2015,,Atlanta,
The Go-Giver,Burg,Bob,Business,Management,Y,16-Jan,16-Jan,1,$24.95 ,$24.95 ,2016,,Atlanta,
The Charisma Myth,Cabane,Olivia Fox,Business,Personality,N,,,,$16.00 ,$13.36 ,2015,,Amazon,
Quiet,Cain ,Susan,Business,Personality,N,,,,$16.00 ,$16.00 ,2015,,Alpharetta,
Off-Centered Leadership,Calagione,Sam,Business,Entrepreneurship,N,,,,$25.00 ,$25.00 ,2016,,Los Angeles,
Historia da Riqueza no Brasil,Caldeira,Jorge,History,Brazilian,N,,,,,,,,,
Institutes of the Christian Religion,Calvin,John,Religion,Protestantism,N,,,,$24.95 ,$24.95 ,2012,,Kennesaw,
The Myth of Sisyphus,Camus,Albert,Philosophy,French,N,,,,$15.00 ,$15.00 ,2016,,Atlanta,
The Stranger,Camus,Albert,Fiction,French,Y,14-Jan,14-Jan,1,$12.95 ,$12.95 ,2014,,Atlanta,
Modern Philosophy in 133 Arguments,Capatano,Peter,Philosophy,American,N,,,,$39.95 ,$39.95 ,2017,,Atlanta,
The Life: The Orthodox Doctrine of Salvation,Carlton,Clark,Religion,Orthodoxy,N,,,,$15.00 ,$15.00 ,2017,,Atlanta,
"How to Develop Self-Confidence & Influence 
People by Public Speaking",Carnegie,Dale,Self-Help,Public Speaking,N,,,,$7.99 ,$7.99 ,2012,,Atlanta,
How to Win Friends and Influence People,Carnegie,Dale,Self-Help,Personality,Y,10-Jan,10-Jan,2,$22.00 ,$22.00 ,2010,,Atlanta,
"Alice's Adventure in Wonderland and Through 
the Looking Glass",Carroll,Lewis,Fiction,British,Y,,,,$5.95 ,$5.95 ,,,,
The Vorrh,Catling,B,Fiction,British,N,,,,$15.95 ,$15.95 ,2015,,Atlanta,
La Colmena,Cela,Camilo Jose,Fiction,Spanish,N,,,,$15.00 ,$15.00 ,2017,,Atlanta,
The Invisible Gorilla,Chabris,Christopher,Science,Social Science,N,,,,$15.00 ,$11.45 ,2017,,San Diego,
Multiply,Chan,Francis,Religion,Protestantism,N,15-Jan,,,$14.99 ,$14.99 ,2015,,Atlanta,
To Live is Christ to Die is Gain,Chandler ,Matt,Religion,Protestantism,Y,15-Jan,15-Jan,1,$17.99 ,$17.99 ,2015,,Atlanta,
The Rape of Nan King,Chang,Iris,History,WWII,N,,,,,,,,,
Everybody Matters,Chapman,Bob,Business,Management,N,,,,$27.95 ,$27.95 ,2015,,Alpharetta,
Case Interview Secrets,Cheng,Victor,Business,Study Aid,N,,,,$34.95 ,$25.05 ,2017,,Amazon,
St. Francis of Assisi,Chesterton,G.K.,History,Biography,N,17-Nov,17-Dec,,$14.00 ,$14.00 ,2017,,Atlanta,
Orthodoxy,Chesterton,G.K.,Religion,Catholic Apologetics,N,,,,$11.00 ,$11.00 ,2017,,Atlanta,
The Everlasting Man,Chesterton,G.K.,Religion,Catholicic Apologetics,N,,,,$15.00 ,$15.00 ,2016,,Atlanta,
Heretics,Chesterton,G.K.,Religion,Catholic Apologetics,N,,,,$7.95 ,$7.95 ,2016,,Atlanta,
Orthodoxy,Chesterton,G.K.,Religion,Catholic Apologetics,N,,,,$8.95 ,$8.95 ,2016,,Atlanta,
The Secret of Santa Vittoria,Chrichton,Robert,Fiction,American,N,,,,$30.00 ,$30.00 ,,,,
The Innovator's Dilemma,Christensen,Clayton M. ,Business,Innovation,N,,,,,,,,,
Algorithms to Live By,Christian,Brian,Sience,Living,N,,,,$28.00 ,$28.00 ,2016,,Atlanta,
On Marriage and Family Life,Chrysostom,John,Religion,Marriage,Y,Jul-18,Jul-18,,$10.00 ,$10.00 ,2017,2018,Atlanta,St. Elias Antiochian Church
On Living and Dying Well,Cicero,Marcus Tulius,Philosophy,Roman,N,,,,$16.00 ,$10.55 ,2015,,Amazon,
The Richest Man In Babylon,Clason,George,Business,Finance,Y,12-Jan,12-Jan,1,$9.97 ,$9.97 ,2012,,Atlanta,
The Orthodox Study Bible,Church,Orthodox the,Religion,Bibles,N,,,,$49.99 ,$45.00 ,2018,,Saint Louis,Archangels Books & Gifts
The Alchemist,Coelho,Paulo,Fiction,Brazilian,N,,,,$16.99 ,$16.99 ,2015,,Atlanta,
Good to Great,Collins,Jim,Business,Personality,N,,,,$29.99 ,$0.00 ,2015,,Atlanta,
Heart of Darkness,Conrad,Joseph,Fiction,British,N,,,,$15.00 ,$15.00 ,2016,,Atlanta,
What is Mathematics?,Courant,Richard N,Science,Mathematics,N,,,,$24.95 ,$24.95 ,2013,,Atlanta,
The 8th Habit,Covey,Stephen R,Business,Organization,N,,,,$15.95 ,$15.95 ,2012,,Atlanta,
The Speed of Trust ,Covey,Stephen M.R.,Business,Organization,N,,,,$16.99 ,$16.99 ,2012,,Atlanta,
The 7 Habits of Highly Effective People,Covey,Stephen R,Business,Organization,Y,10-Jan,10-Jan,2,$15.95 ,$15.95 ,2010,,Atlanta,
Two Wings: Integrating Faith and Reason,Clayton,Brian,Religion,Apologetics,N,,,,,,,,,
The World Beyond Your Head,Crawford,Mathew,Philosophy,American,N,,,,$26.00 ,$26.00 ,2014,,Atlanta,
Shop Class as Soulcraft,Crawford,Mathew,Philosophy,American,N,,,,$16.00 ,$16.00 ,2014,,Atlanta,
The Art of Getting Started,Crutchley,Lee,Business,Motivation,N,16-Jan,,,$6.98 ,$6.98 ,2016,,Atlanta,
The Great Political Theories,Curtis,Michael,Philosophy,Greek,N,,,,$14.99 ,$14.99 ,2017,,Sacramento,
O Medico Da Humanidade,Cury,Augusto,Fiction,Brazilian,N,,,,$25.00 ,$25.00 ,,,,
The Ladder of Divine Ascent,Climacus,John,Religion,Orthodoxy,N,,,,$37.00 ,$37.00 ,2018,,Saint Louis,Archangel's Bookstore
The Blind Watchmaker,Dawkins,Richard,Science,Biology,N,,,,$18.95 ,$18.95 ,2016,,Atlanta,
The Greatest Show on Earth,Dawkins,Richard,Science,Science - Biology,N,,,,$17.99 ,$17.99 ,2016,,Atlanta,
ON Guard,Craig,William Lane,Religion,Apologetics - Protestant,N,,,,$16.99 ,$16.99 ,2014,,Atlanta,
Boitempo - Esquecer Para Lembrar,De Andrade,Carlos Rumond,Poetry,Brazilian,N,,,,,,,,,
Don Quijote De La Mancha,de Cervantes,Miguel ,Fiction,Spanish,N,,,,$15.00 ,$15.00 ,,,,
Don Quijote De La Mancha,de Cervantes,Miguel ,Fiction,Spanish,N,,,,$15.00 ,$15.00 ,2011,,Atlanta,
The False Decretals,Davenport,D.H.,Religion,Catholicism,N,,,,,,,,,
The Essays: A Selection,De Montaigne,Michel,Philosophy,French,N,,,,$17.00 ,$10.00 ,2017,,San Francisco,Green Apple Books
Essais,De Montaigne,Michel,Philosophy,French,N,,,,,,,,,
Ensaios,De Montaingne,Michel,Philosophy,French,N,,,,,,,,,
The God Delusion,Dawkins,Richard,Religion,Atheism,Y,,,1,$15.95 ,$15.95 ,2014,,Atlanta,
Black,Dekker,Ted,Fiction,Christian,Y,5-Jan,5-Jan,1,$19.99 ,$0.00 ,2005,,Canton,
Red,Dekker,Ted,Fiction,Christian,N,,,,$14.99 ,$0.00 ,,,,
White,Dekker,Ted,Fiction,Christian,N,,,,$14.99 ,$0.00 ,,,,
Red,Dekker ,Ted,Fiction,Christian American,N,,,,$15.99 ,$15.99 ,2010,,Canton,
Abandonement to Divine Providence,De Cussade,Jean-Pierre,Religion,Catholicism,N,,,,,,,,,
Consciousness Explained,Dennett,Daniel,Philosophy,Philosophy ,N,,,,$18.00 ,$18.00 ,2012,,Kennesaw,
Meditations on First Philosophy,Descartes,Rene,Philosophy,French,Y,,,1,$5.95 ,$5.95 ,2010,,Canton,
Abundance ,Diamandis,Peter,Business,Entrepreneurship,Y,15-Jan,15-Jan,1,$16.00 ,$11.51 ,2015,,Amazon,
Bold,Diamandis,Peter,Business,Entrepreneurship,Y,15-Jan,15-Jan,1,$28.00 ,$16.24 ,2015,,Amazon,
"Guns, Germs, and Steel",Diamond,Jared,History,History,N,,,,$29.95 ,$29.95 ,2008,,Atlanta,
The Tale of Desperaux,DiCamillo,Kate,Fiction,American,Y,,,,$12.95 ,$12.95 ,,,,
David Copperfield,Dickens,Charles ,Fiction,British,N,,,,$15.00 ,$15.00 ,2017,,Spokane,
The Way of the Seal,Divine,Mark,Self-Help,Self-Help,N,14-Jan,,,$21.99 ,$21.99 ,2014,,Amazon,
The Brain that Changes itself,Doidge,Norman,Science,Medicine,Y,,,,,,,,,
Notes From a Dead House,Dostoevsky,Fyodor,Fiction,Russian,N,,,,,,,,,
Crime & Punishment (Hardcover),Dostoevsky,Fyodor,Fiction,Russian,N,,,,,,,,,
Crime & Punishment,Dostoevsky,Fyodor,Fiction, Russian,Y,1-Jan,Jul-18,1,$17.95 ,$17.95 ,2015,2018,Atlanta,Barnes & Noble
The Brothers Karamazov,Dostoevsky,Fyodor,Fiction,Russian,N,,,,,,,,,
Notes from The Underground,Dostoevsky,Fyodor,Fiction, Russian,N,17-Jan,,,$12.95 ,$12.95 ,2017,,Atlanta,
Managing Oneself,Drucker,ePeter,Business,Management,Y,17-Feb,17-Feb,1,$8.95 ,$8.95 ,2017,,Atlanta,
Grit,Duckworth,Angela,Business,Personality,Y,16-Jan,16-Aug,1,$28.00 ,$28.00 ,2016,,Atlanta,
The Power of Habit,Duhigg,Charles ,Business,Self-Help,N,,,,$16.00 ,$16.00 ,2015,,Atlanta,
Smarter Faster Better,Duhigg,Charles ,Business,Personality,Y,16-Jan,16-Jan,1,$28.00 ,$28.00 ,2016,,Atlanta,
Introduction to the Devout Life,De Sales,St. Francis,Religion,Catholicism,N,,,,,,,,,
The Three Musketeers,Dumas,Alexandre,Fiction,French,Y,,,,,,,,,
The Count of Monte Cristo,Dumas,Alexandre,Fiction,French,N,,,,$30.00 ,$30.00 ,2017,,Atlanta,
How to Travel With a Salmon & Other Essays,Eco,Umberto,Essays,Italian,N,,,,$18.95 ,$12.00 ,2017,,San Francisco,
Kant and the Platypus,Eco,Umberto,Philosophy,Italian,N,,,,$28.00 ,$12.00 ,2017,,San Francisco,Green Apple Books
O Pendulo de Foucault,Eco,Umberto,Fiction,Italian,N,,,,$20.00 ,$20.00 ,2017,,Natal,
Foucault's Pendulum,Eco,Umberto,Fiction,Italian,N,,,,$15.95 ,$15.95 ,2016,,Atlanta,
The Name of the Rose,Eco,Umberto,Fiction,Italian,Y,16-Jan,16-Jan,1,$15.95 ,$15.95 ,2016,,Miami,
The Mysterious Flame of Queen Loana,Eco,Umberto,Fiction,Italian,N,,,,$10.00 ,$10.00 ,2017,,Spokane,
La Misteriosa Llama de la Reina Loana ,Eco,Umberto,Fiction,Italian,N,,,,$13.95 ,$7.00 ,2017,,Amazon,
Drawing on the Right Side of the Brain,Edwards,Betty,Art,Drawing,N,,,,$20.00 ,$16.00 ,2014,,Amazon,
Breaking the Spell,Dennett,Daniel,Religion,Atheism,N,,,,$19.00 ,$19.00 ,2014,,Atlanta,
Models of the Church,Dulles,Avery Cardinal,Religion,Catholicism,N,,,,,,,,,
Writings from the Great Awakening ,Edwards,Jonathan,Religion,Protestantism,N,,,,$40.00 ,$40.00 ,2013,,Atlanta,
Lost Scriptures,Ehrman,Bart,Religion,Christian,N,,,,$19.99 ,$19.99 ,2016,,Los Angeles,
Ideas and Opinions,Einstein,Albert,Science,Scientific Writing,N,,,,,,,,Kennesaw,2nd & Charles
"Dear Father, Dear Son",Elder,Larry,Memoir,American,Y,,Mar-18,1,$25.95 ,$18.16 ,2018,2018,Online,Amazon
"How Not to Be Wrong: The Power of Mathematical
Thinking",Ellenberg,Jordan,Science,Mathematics,N,,,,$18.00 ,$18.00 ,2016,,Atlanta,
The Invisible Man,Ellison,Ralph,Fiction,American,N,16-Jan,,,$15.95 ,$15.95 ,2016,,Atlanta,
Essays and Poems ,Emerson,Ralph Waldo,Philosophy,American,N,,,,,,,,,
How Jesus Became God ,Ehrman,Bart,Religion,Atheism,Y,17-Jan,17-Jan,1,$15.99 ,$15.99 ,2016,,Atlanta,
Start Your Own Business,Entrepreneur,Entrepreneur,Business,Entrepreneurship,N,,,,$24.95 ,$24.95 ,2016,,Atlanta,
Write Your Business Plan,Entrepreneur,Press,Business,Writing,N,,,,$24.95 ,$24.95 ,2016,,Atlanta,
Encheiridion,Epictetus,Epictetus,Philosophy,Roman,Y,13-Jan,13-Jan,1,$4.95 ,$4.95 ,2013,,Kennesaw,
The Boy Chrisis,Farrell ,Warren,Politics,Current Events,N,,,,,,,,,
The Federalist,Fathers,Founding,Essays,American,N,,,,$10.00 ,$10.00 ,2017,,Atlanta,
The Sound and the Fury,Faulkner,William,Fiction ,American,N,,,,,,,,,
Six Easy Pieces,Feynman,Richard,Science,Science - Physics,N,,,,$13.99 ,$13.99 ,2010,,Kennesaw,
Surely You're Joking Mr. Feynman,Feynman,Richard,Science,Physics,N,,,,,,,,,
Capitalism and Freedom,Fiedman,Milton,Business,Economics,N,,,,,,,,,
Here I am ,Foer,Jonathan Safran,Fiction,American,N,,,,$30.00 ,$30.00 ,2017,,Atlanta,
The Pillars of the Earth,Follett,Ken,Fiction,American,Y,17-Sep,17-Nov,1,$19.99 ,$29.98 ,2017,,Boulder,
World Without End,Follett,Ken,Fiction,American,N,17-Nov,,,$9.99 ,$9.99 ,2017,,Denver,
A Column of Fire,Follett,Ken,Fiction,American,N,,,,$36.00 ,$21.60 ,2017,,Atlanta,
Forbes Book of Quotes,Forbes,Magazine,Business,Quotes,N,,,,$24.99 ,$24.99 ,2016,,Alpharetta,
Jesus Before the Gospels,Ehrman,Ehrman,Religion,Atheism,N,,,,$27.99 ,$27.99 ,2016,,Atlanta,
The Books of Enoch,Enoch,Enoch,Religion,Scriptures,Y,15-Jan,15-Jan,1,$20.00 ,$20.00 ,2015,,Amazon,
In the Beginning: The True Message of the Genesis Origin Stories,Farley,Lawrence,Religion,,,,,,,,,,,
Man's Search for Meaning,Frankl,Viktor,Philosophy,Austrian,Y,,,1,$9.24 ,$9.24 ,2009,,Canton,
Celebration of Discipline,Foster,Richard,Religion,Protestantism,N,,,,$25.99 ,$25.99 ,2015,,Atlanta,
Sophie's World,Gaarder,Jostein,Philosophy,Norwegian,Y,10-Jan,10-Jan,1,$12.00 ,$12.00 ,2010,,Amazon,
O Mundo De Sofia,Gaarder,Jostein,Fiction,Norwegian,N,,,,$20.00 ,$20.00 ,2017,,Natal,
Sophie's World,Gaarder,Jostein,Fiction,Norwegian,N,,,,$10.00 ,$5.98 ,2017,,San Francisco,Green Apple Books
Sophie's World,Gaarder,Jostein,Fiction,Norwegian,Y,,,,,,,,Canton,Barnes & Noble
Maya,Gaarder,Jostein,Fiction,Norwegian,N,,,,$15.00 ,$15.00 ,2017,,Natal,
O Dia do Curinga,Gaarder,Jostein,Fiction,Norwegian,N,,,,$15.00 ,$15.00 ,2017,,Natal,
Good Omens,Gaiman,Neil,Fiction,British,N,,,,$15.99 ,$15.99 ,2017,,Atlanta,
The Graveyard Book,Gaiman,Neil,Fiction,British,N,,,,$15.99 ,$15.99 ,2015,,Atlanta,
Complications,Gawande,Atul,Science,Medicine,Y,,,,,,,,,
Prayer,Foster,Richard,Religion,Protestantism,N,,,,$24.99 ,$24.99 ,2015,,Atlanta,
The Collected Works of Kahlil Gibran,Gibran,Kalhil,Poetry,Lebanese,N,,,,$30.00 ,$30.00 ,2017,,Atlanta,
The Little Black Book of Connections,Gitomer,Jeffrey,Business,Networking,N,,,,$19.95 ,$19.95 ,2016,,Atlanta,
The Little Red Book of Selling,Gitomer,Jeffrey,Business,Sales,N,,,,$19.95 ,$19.95 ,2015,,Alpharetta,
Blink ,Gladwell,Malcolm,Science,Social Science,Y,13-Jan,13-Jan,1,$17.00 ,$17.00 ,2013,,Atlanta,
Outliers,Gladwell,Malcolm,Science,Social Science,Y,13-Jan,13-Jan,1,$16.99 ,$16.99 ,2013,,Atlanta,
The Tipping Point,Gladwell,Malcolm,Science,Social Science,Y,13-Jan,13-Jan,1,$16.99 ,$10.31 ,2013,,Amazon,
What the Dog Saw,Gladwell,Malcolm,Business,,N,,,,,,,,,
The Dip,Godin,Seth,Business,Marketing,Y,,,1,$12.95 ,$8.00 ,2016,,Oklahoma City,
Purple Cow,Godin,Seth,Business,Marketing,N,,,,$23.95 ,$23.95 ,2017,,Los Angeles,
Free Prize Inside,Godin,Seth,Business,Marketing,N,,,,$12.95 ,$8.00 ,2016,,Oklahoma City,
Tribes,Godin,Seth,Business,Marketing,N,,,,$19.95 ,$19.95 ,2016,,Oklahoma City,
The Icarus Deception,Godin,Seth,Business,Marketing,N,,,,$24.95 ,$24.95 ,2016,,Atlanta,
The Sorrows of Young Werter,Goethe,Johann,Fiction,German,Y,,,,,,,,,
Clinical NeuroAnatomy,Goldberg,Stephen,Medicine,Neuroscience,N,,,,$25.95 ,$25.95 ,2017,,Sacramento,Barnes & Noble
Suicide of the West,Goldberg,Jonah,Politics,American,Y,,May-18,1,$28.00 ,$18.30 ,2018,2018,Online,Amazon
The Goal,Goldratt,Eliyahu,Business,Motivation,Y,12-Jan,13-Jan,1,$24.95 ,$24.95 ,2013,,Atlanta,
Triggers,Goldsmith,Marshall,Business,Habits,N,,,,$27.00 ,$27.00 ,2016,,Atlanta,
"Pope Francis: The Complete Encyclicals, bulls, and 
Apostolic Exhortations",Francis,Pope,Religion,Catholicism,N,,,,$27.95 ,$27.95 ,2017,,Atlanta,
The Carpenter,Gordon,Jon,Business,Parable,Y,17-Jan,17-Jan,1,$23.00 ,$23.00 ,2017,,Atlanta,
The Intelligent Investor,Graham,Benjamin,Business,Finance,N,,,,$22.99 ,$22.99 ,2012,,Atlanta,
Originals,Grant ,Adam,Business,Motivation,Y,16-Jan,16-Jan,1,$27.00 ,$27.00 ,2016,,Atlanta,
The Soul of the Marionette,Gray,John,Philosophy,Philosophy ,N,,,,$23.00 ,$23.00 ,2015,,Atlanta,
The Hidden Reality,Greene,Brian,Science,Science - Physics,N,,,,$29.95 ,$15.00 ,2012,,Kennesaw,
The Art of Seduction,Greene,Robert,Science,Romance,Y,13-Jan,13-Jan,1,$15.99 ,$15.99 ,2013,,Amazon,
The Elegant Universe,Greene,Brian,Science,Physics,Y,10-Jan,10-Jan,1,$19.95 ,$19.95 ,2010,,Kennesaw,
Born For This,Guillebeau,Chris,Business,Entrepreneurship,N,,,,$26.00 ,$26.00 ,2015,,Atlanta,
The $100 Startup ,Guillebeau,Chris,Business,Entrepreneurship,N,,,,$23.00 ,$16.32 ,2014,,Amazon,
The Art of Non-Conformity,Guillebeau,Chris,Business,Self-Help,Y,,,,,,,,,
Side Hustle,Guillebeau,Chris,Business,Entrepreneurship,N,,,,,,,,,
The Happiness of Pursuit,Guillebeau,Chris,Business,Self-Help,N,,,,,,,,,
The Measure of a Man,Getz,Gene,Religion,Protestantism,N,,,,$10.39 ,$10.39 ,2016,,Amazon,
The Story of Christianity Vol. 1,Gonzalez,Justo,Religion,Church History,N,,,,,,,,,
The Story of Christianity Vol. 2,Gonzalez,Justo,Religion,Church History,N,,,,,,,,,
The Historical Jesus,Habermas,Gary,Religion,Protestantism,N,,,,$19.99 ,$0.00 ,2016,,Atlanta,
Reasons to Believe,Hahn,Scott,Religion,Catholicism,N,,,,$25.00 ,$16.37 ,2017,,Amazon,
"Lord, Have Mercy",Hahn,Scott,Religion,Catholicism,N,,,,$25.00 ,$17.24 ,2017,,Amazon,
The Lamb's Supper,Hahn,Scott,Religion,Catholicism,N,,,,$22.00 ,$22.00 ,2017,,Atlanta,
Rome Sweet Home,Hahn,Scott,Religion,Catholicism,N,,,,$16.95 ,$10.97 ,2016,,Amazon,
The Righteous Mind: How Good People are Divided by Politics & Religion,Haidt,Jonathan,Psychology,American,Y,,May-18,1,$16.95 ,$16.95 ,2018,2018,St. Louis,Barnes & Noble
Homo Deus,Harari,Yuval,Science,Science,N,,,,$35.00 ,$35.00 ,2017,,"Columbus, OH",
Sapiens,Harari,Yuval,Science,Science,N,,,,$35.00 ,$19.85 ,2017,,San Diego,
"Swear to God : The Promise and Power of the 
Sacraments",Hahn,Scott,Religion,Catholicism,Y,17-Oct,17-Oct,1,$23.00 ,$16.69 ,2017,,Amazon,
Angels & Saints,Hahn,Scott,Religion,Catholicism,N,,,,$25.00 ,$17.20 ,2017,,Amazon,
Angels and Saints,Hahn,Scott,Religion,Catholicism,N,,,,,,,,,
Boy Meets Girl,Harris,Joshua,Religion,Dating,Y,,,1,$13.99 ,$13.99 ,2009,,Canton,
Waking Up,Harris,Sam,Religion,Atheism,N,,,,$25.00 ,$7.95 ,2017,,Sacramento,
The Moral Landscape,Harris,Sam,Philosophy,Morality,N,,,,,,,,,
Free Will,Harris,Sam,Philosophy,American,N,,,,,,,,,
A Brief History of Time,Hawking,Stephen,Science,Science - Physics,N,,,,$9.95 ,$9.95 ,2013,,Atlanta,
The Universe in a Nutshell,Hawking,Stephen,Science,Science - Physics,N,,,,$9.95 ,$9.95 ,2013,,Atlanta,
The Essentials,HBR,HBR,Business,Miscelaneous,N,,,,$24.95 ,$24.95 ,2017,,Atlanta,
Managing Yourself,HBR,HBR,Business,Management,N,,,,$24.95 ,$24.95 ,2017,,Atlanta,
Emotional Intelligence,HBR,HBR,Business,Management,N,,,,$24.95 ,$24.95 ,2017,,Atlanta,
Finance Basics,HBR,HBR,Business,Finance,N,,,,$12.95 ,$12.95 ,2017,,Atlanta,
Lectures on the Philosophy of Religion,Hegel,Hegel,Philosophy,Philosophy ,N,,,,$8.00 ,$8.00 ,2017,,Los Angeles,
The Philosophy of Art,Hegel,Hegel,Philosophy,Philosophy ,N,,,,$8.95 ,$8.95 ,2013,,Kennesaw,
Basic Writings of Martin Heidegger,Heidegger,Martin,Philosophy,German,N,,,,$15.99 ,$10.78 ,2017,,Atlanta,
Thank You For Arguing,Heinrichs,Jay,Philosophy,Rhetoric,N,,,,$17.00 ,$17.00 ,2016,,Atlanta,
Letter to a Crhistian Nation,Harris,Sam,Religion,Atheism,Y,17-Aug,17-Dec,1,$14.95 ,$14.95 ,2017,,Atlanta,
Catch-22,Heller,Joseph,Fiction,American,N,,,,$16.00 ,$16.00 ,2010,,Canton,
For Whom The Bell Tolls,Hemingway,Ernest,Fiction,American,Y,10-Jan,10-Jan,1,$16.00 ,$16.00 ,2010,,Canton,
The Old Man and the Sea,Hemingway,Ernest,Fiction,American,Y,10-Jan,10-Jan,1,$12.00 ,$12.00 ,2010,,Canton,
You Don't Have to Be a Shark,Herjavec,Robert,Business,Sales,Y,16-Jan,16-Dec,1,$27.99 ,$27.99 ,2016,,Atlanta,
Siddhartha,Hesse,Hermann,Fiction,German,Y,15-Jan,15-Jan,1,$15.00 ,$15.00 ,2015,,Atlanta,
Explaining Post-modernism,Hicks,Stephen,Current Events,,N,,,,,,,,,
Sex is Not the Problem (just is),Harris,Joshua,Religion,Dating,Y,,,1,$13.99 ,$13.99 ,2009,,Canton,
Think & Grow Rich,Hill,Napoleon,Business,Self-Help,Y,11-Jan,11-Jan,1,$10.00 ,$10.00 ,2010,,Canton,
Unbroken,Hillenbrand,Laura,Biography,Biography,Y,14-Jan,14-Jan,1,$16.00 ,$16.00 ,2014,,Atlanta,
"The End of Faith: Religion, Terror, and the Future of Reason",Harris,Sam,Religion,Atheism,Y,,Jun-18,1,$16.95 ,$9.99 ,2018,2018,Los Angeles,The Last Bookstore
I Dare You Not to Bore Me with the Bible,Heiser,Michael,Religion,Protestantism,N,,,,,,,,,
Changing Faith,Hidalgo,Michael,Religion,Protestantism,N,,,,$16.00 ,$14.34 ,2015,,Atlanta,
The Confessions,Hippo,Augustine of,Religion,Catholicism,N,,,,$15.00 ,$15.00 ,2015,,Atlanta,
On Free Choice of the Will,Hippo,Augustine of,Religion,Catholicism,N,,,,$10.00 ,$5.00 ,2017,,San Francisco,
The Whale,Hoare,Philip,Science,Biology,N,,,,$15.99 ,$6.98 ,2017,,San Francisco,Green Apple Books
The Te of Piglet,Hoff,Benjamin,Philosophy,Philosophy ,N,,,,$15.00 ,$15.00 ,2014,,Atlanta,
The Tao of Pooh,Hoff,Benjamin,Philosophy,Philosophy ,Y,14-Jan,14-Jan,1,$14.00 ,$14.00 ,2014,,Atlanta,
The Odyssey,Homer,Homer,Fiction,Greek Poetry,N,,,,$18.00 ,$18.00 ,2014,,Atlanta,
The Illiad,Homer,Homer,Fiction,Greek Poetry,Y,14-Jan,14-Jan,1,$18.00 ,$18.00 ,2014,,Atlanta,
The City of God,Hippo,Augustine of,Religion,Catholicism,N,,,,$25.00 ,$25.00 ,2014,,Atlatna,
god Is Not Great,Hirchens,Christopher,Religion,Atheism,Y,,,1,$16.00 ,$16.00 ,2015,,Atlanta,
The Portable Atheist,Hitchens,Christopher,Religion,Atheism,N,,,,$17.95 ,$10.00 ,2017,,Atlanta,
The Orthodox Faith Vol 1: Doctrine & Scripture,Hopko,Thomas,Religion,Orthodoxy,Y,17-Oct,17-Oct,1,$14.50 ,$14.50 ,2017,,Amazon,
The Lost Art of Finding Our Way,Huth,John ,Science,Science - Geography,N,,,,$40.00 ,$40.00 ,2015,,Atlanta,
The Doors of Perception,Huxley ,Aldous,Science,Drugs,Y,17-Dec,17-Dec,1,$14.99 ,$14.99 ,2015,,Atlanta,
Avenue of Mysteris,Irving,John,Fiction,American,N,,,,$28.00 ,$6.00 ,2017,,Atlanta,
The World According to Garp,Irving,John,Fiction,American,Y,,,,,,,,,
Einstein,Isaacson,Walter,Biography,Biography,Y,,,1,$19.99 ,$19.99 ,2011,,Kennesaw,
Steve Jobs,Isaacson,Walter,Biography,Biography,N,,,,$20.00 ,$13.85 ,2016,,Oklahoma City,
Clay Water Brick,Jackley ,Jessica,Business,Entrepreneurship,Y,16-Jan,16-Jan,1,$28.00 ,$28.00 ,2016,,Atlanta,
Assholes: A Theory,James,Aaron,Philosophy,Philosophy ,N,,,,$15.00 ,$15.00 ,2015,,Atlanta,
The Varieties of Religious Experience,James,William,Philosophy,American,N,,,,$40.00 ,$10.00 ,2017,,San Francisco,Green Apple Books
"I Don't Know what I want, but I know It's Not This",Jansen,Julie,Business,Career Search,Y,17-Jul,17-Jul,1,$16.00 ,$16.00 ,2017,,Los Angeles,
The Medici Effect,Johansson,Frans,Business,Strategy,N,,,,$25.00 ,$25.00 ,2017,,Atlanta,
The Power of Broke,John,Daymond,Business,Entrepreneurship,N,,,,$26.00 ,$26.00 ,2016,,Atlanta,
How W Got to Now,Johnson,Steven,Science,Science - History,N,,,,$30.00 ,$12.00 ,2016,,Oklahoma City,
Who Moved My Cheese?,Johnson,Spencer,Self-Help,Self-Help,Y,14-Jan,14-Jan,1,$19.95 ,$19.95 ,2014,,Atlanta,
The Orthodox Faith Vol 2: Worship,Hopko,Thomas,Religion,Orthodoxy,Y,17-Oct,17-Oct,1,$14.50 ,$14.50 ,2017,,Amazon,
A Portrait of the Artist as a Young Man,Joyce,James,Fiction,Irish,N,,,,$11.00 ,$11.00 ,2015,,Atlanta,
Dreams,Jung,C.G.,Psychology,,N,,,,,,,,,
The Orthodox Faith Vol 3: Church History,Hopko,Thomas,Religion,Orthodoxy,Y,17-Nov,17-Nov,1,$14.50 ,$14.50 ,2017,,Amazon,
The Orthodox Faith Vol 4: Spirituality,Hopko,Thomas,Religion,Orthodoxy,Y,17-Nov,17-Nov,1,$14.50 ,$14.50 ,2017,,Amazon,
Ancient Church Fathers,Jonson,Ken,Religion,Church History,N,,,,,,,,,
Blue Ocean Strategy,K,W. Chan,Business,Strategy,N,,,,$32.00 ,$32.00 ,2017,,Alpharetta,
The Trial,Kafka,Franz,Fiction,,N,,,,,,,,,
"Thinking, Fast and Slow",Kahneman,Daniel,Business,Economics,N,,,,$17.00 ,$17.00 ,2015,,Atlanta,
Immanuel Kant: Basic Writings,Kant,Immanuel,Philosophy,Philosophy ,N,,,,$17.00 ,$17.00 ,2016,,Atlanta,
Losing the Nobel Prize,Keating,Brian,Science,,N,,,,,,,,,
The One Thing,Keller,Gary,Business,Management,N,,,,$24.95 ,$24.95 ,2015,,Atlanta,
The Faith of the Early Fathers Vol. 1,Jurgens,William A.,Religion,Church History,N,,,,,,,,,
The Faith of the Early Fathers Vol. 2,Jurgens,William A.,Religion,Church History,N,,,,,,,,,
The Faith of the Early Fathers Vol. 3,Jurgens,William A.,Religion,Church History,N,,,,,,,,,
The Reason for God,Keller,Timothy,Religion,Apologetics,Y,11-Jan,11-Jan,1,$16.00 ,$16.00 ,2011,,Atlanta,
The Meaning of Marriage,Keller,Timothy,Religion,Marriage,N,,,,$17.00 ,$0.00 ,2017,,Atlanta,
Flowers for Algernon,Keyes,Daniel,Fiction,American,N,16-Jan,,,$8.95 ,$8.95 ,2016,,Atlanta,
Philosophical Fragments,Kierkegaard,Soren,Philosophy,Philosophy ,N,,,,$39.95 ,$31.82 ,2017,,Amazon,
Concluding Unscientific Postscript,Kierkegaard,Soren,Philosophy,Philosophy ,N,,,,$20.00 ,$5.00 ,2017,,Los Angeles,
The Concept of Anxiety,Kierkegaard,Soren,Philosophy,Philosophy ,N,,,,$29.95 ,$29.95 ,2016,,Atlanta,
The Sickness Unto Death,Kierkegaard,Soren,Philosophy,Philosophy ,N,,,,$25.95 ,$20.47 ,2016,,Alpharetta,
Without Authority,Kierkegaard,Soren,Philosophy,Philosophy ,N,,,,$46.95 ,$40.67 ,2016,,Amazon,
"For Self-Examination, Judge For Yourself!",Kierkegaard,Soren,Philosophy,Philosophy ,N,,,,$46.95 ,$35.68 ,2016,,Amazon,
Either/Or I,Kierkegaard,Soren,Philosophy,Philosophy ,N,,,,$40.00 ,$40.00 ,2015,,Atlanta,
Either/ Or II,Kierkegaard,Soren,Philosophy,Philosophy ,N,,,,$35.00 ,$35.00 ,2015,,Atlanta,
"Fear and Trembling, Repetition",Kierkegaard,Soren,Philosophy,Philosophy ,N,,,,$30.95 ,$30.95 ,2015,,Atlanta,
Upbuilding Discourses In various Spirits,Kierkegaard,Soren,Philosophy,Philosophy ,N,,,,$46.93 ,$46.93 ,2015,,Amazon,
Practice In Christianity,Kierkegaard,Soren,Philosophy,Philosophy ,N,,,,$46.95 ,$35.68 ,2015,,Amazon,
Works of Love,Kierkegaard,Soren,Philosophy,Philosophy ,N,,,,$15.99 ,$15.99 ,2014,,Canton,
Provocations: Spiritual Writings of Kierkegaard,Kierkegaard,Soren,Philosophy,Philosophy ,Y,,,1,$20.00 ,$20.00 ,2014,,Atlanta,
Blue Ocean Strategy Reader,Kim,W. Chan,Business,Strategy,N,,,,$24.95 ,$24.95 ,2016,,Atlanta,
Blue Ocean Shift,Kim,W. Chan,Business,Entrepreneurship,N,,,,,,,,,
On Writing,King,Stephen,Writing,Writing,N,,,,$17.00 ,$17.00 ,2016,,Atlanta,
Rich Dad Poor Dad,Kiyosaki,Robert,Business,Finance,N,13-Jan,13-Jan,,$16.95 ,$16.95 ,2013,,Alpharetta,
The Great Good Thing,Klavan,Andrew,Memoir,Religion,Y,,,,,,,,,
"Every Time I Find the Meaning of Life, 
They Change It",Klein,Daniel,Philosophy,American,Y,17-Jan,17-Aug,1,$20.00 ,$20.00 ,2017,,Atlanta,
Quench Your Thirst,Koch,Jim,Business,Entrepreneurship,Y,16-Jan,16-Jan,1,$27.99 ,$27.99 ,2016,,Atlanta,
The Leadership Challenge 5th Edition,Kouzes,Posner,Business,Leadership,N,,,,$29.95 ,$29.95 ,2016,,Atlanta,
The Leadership Challenge 3rd Edition,Kouzes,Posner,Business,Leadership,Y,16-Jan,16-Jan,1,$22.95 ,$9.13 ,2016,,Amazon,
Into the Wild,Krakauer,Jon,Travel,Travel,Y,16-Jan,16-Jan,1,$14.95 ,$14.95 ,2016,,Atlanta,
Center Church ,Keller,Timothy,Religion,Protestantism,N,,,,$29.99 ,$25.52 ,2014,,Amazon,
If You Really Want to Change the World,Kressel ,Henry,Business,Entrepreneurship,N,,,,$30.00 ,$30.00 ,2015,,Atlanta,
The Decision Book,Krogerus,Mikael,Business,Thinking,N,13-Jan,13-Jan,,$17.95 ,$17.95 ,2013,,Atlanta,
The Imitation of Christ,Kempis,Thomas A,Religion,Catho,N,,,,$14.00 ,$14.00 ,2016,,Atlanta,
Built For Growth,Kuenne,Chris,Business,Management,Y,17-Dec,17-Dec,1,$30.00 ,$18.90 ,2017,,Online,Amazon
The Go Getter,Kyne,Peter,Business,Motivation,Y,13-Jan,13-Jan,1,$10.00 ,$10.00 ,2013,,Atlanta,
The Art of Happiness,Lama,Dalai,Philosophy,Philosophy ,Y,10-Jan,10-Jan,1,$27.00 ,$27.00 ,2010,,Canton,
Thou Shall Prosper,Lapin,Rabbi Daniel,Business,Business - Finance,Y,13-Jan,13-Jan,1,$29.95 ,$18.50 ,2013,,Amazon,
Moonlighting the Internet,Larson,Shelby,Business,Side Hustle,N,,,,$19.95 ,$19.95 ,2017,,Alpharetta,
The Imitation of Christ,Kempis,Thomas a,Religion,Christianity,N,,,,,,,,,
"Catholics and Protestants: What We Can Learn 
from Each Other",Kreeft,Peter,Religion,Apologetics - Catholic,N,,,,$16.95 ,$13.43 ,2017,,Amazon,
To Kill a Mockingbird,Lee,Harper,Fiction,American,N,,,,$16.99 ,$16.99 ,2016,,Atlanta,
The Five Dysfunctions of a Team,Lencioni,Patrick,Business,Management,N,,,,$22.95 ,$22.95 ,2016,,San Francisco,
Confessions of a Born Again Pagan,Kronman,Anthony,Religion,Atheism,N,,,,$50.00 ,$36.83 ,2017,,Amaon,
Freakonomics,Levitt,Steven,Business,Economics,Y,12-Jan,12-Jan,1,$16.99 ,$16.99 ,2012,,Atlanta,
When to Rob a Bank,Levitt,Steven,Business,Economics,N,,,,$25.99 ,$25.99 ,2015,,Atlanta,
Think Like a Freak,Levitt,Steven,Business,Economics,Y,15-Jan,15-Jan,1,$16.99 ,$16.99 ,2015,,Atlanta,
The Practice of the Presence of God,Lawrence,Brother,Religion,Protestantism,N,,,,$3.00 ,$3.00 ,2016,,Amazon,
The Good Life,Lee,Trip,Religion,Protestantism,Y,12-Jan,12-Jan,1,$10.99 ,$10.99 ,2012,,Atlanta,
God's Undertaker,Lennox,John,Religion,Apologetics,N,,,,$14.95 ,$14.95 ,2015,,Atlanta,
Mere Christianity,Lewis,C.S.,Religion,Apologetics,Y,13-Jan,13-Jan,1,$13.99 ,$13.99 ,2013,,Atlanta,
Out of the Silent Planet,Lewis,CS,Fiction,British,Y,14-Jan,14-Jan,1,$15.00 ,$15.00 ,2014,,Atlanta,
Perelandra,Lewis,CS,Fiction,British,Y,15-Jan,15-Jan,1,$14.00 ,$14.00 ,2015,,Atlanta,
Till We Have Faces,Lewis,CS,Fiction,British,N,,,,$14.95 ,$14.95 ,2017,,Atlanta,
That Hideous Strength,Lewis,CS,Fiction,British,N,,,,$16.00 ,$16.00 ,2015,,Atlanta,
The Abolition of Man,Lewis,C.S.,Religion,Apologetics,N,,,,$13.99 ,$13.99 ,2016,,Atlanta,
Miracles,Lewis,C.S.,Religion,Apologetics - Protestant,N,,,,$14.99 ,$14.99 ,2016,,Atlanta,
Las Cronicas de Narnia,Lewis,CS,Fiction,British,N,14-Jan,,,$19.99 ,$19.99 ,2014,,Atlanta,
The Pilgrim's Regress,Lewis,CS,Fiction,British,N,,,,$25.00 ,$25.00 ,2012,,Amazon,
The Chronicles of Narnia,Lewis,CS,Fiction,British,N,6-Jan,,,$19.99 ,$19.99 ,2006,,Canton,
The Screwtape Letters,Lewis,CS,Fiction,British,Y,11-Jan,11-Jan,1,$24.99 ,$24.99 ,2011,,Canton,
The Secular Saints,Lewis,Hunte,Philosophy,,N,,,,,,,,,
Einstein's Dream,Lightman,Alan,Fiction,American,N,,,,$14.95 ,$8.50 ,2016,,Pasadena,
The Paper Menagerie,Liu,Ken,Fiction,American,N,,,,$15.99 ,$5.98 ,2017,,San Francisco,Green Apple Books
La Ciudad Y Los Perros,Llosa,Mario Vargas,Fiction,Peruvian,N,,,,$15.00 ,$15.00 ,2016,,Athens,
Two Treatises of Government and A Letter Concerning Toleration,Locke,John,Philosophy,English,N,,,,,,,,,
The Call of the Wild ,London,Jack,Fiction,American,Y,,,,,,,,,
White Fang,London,Jack,Fiction,American,Y,,,,,,,,,
Longfellow: Poems and Other Writings,Longfellow,William Wadsworth,Poetry,American,N,,,,$35.00 ,$35.00 ,2010,,Kennesaw,
The Weight of Glory,Lewis,C.S.,Religion,Apologetics,N,,,,$11.99 ,$11.99 ,2015,,Atlanta,
Great Tales of Horror,Lovecraft,H.P.,Fiction,American,N,,,,$6.95 ,$6.95 ,2014,,Atlanta,
The Four Loves,Lewis,C.S.,Religion,Apologetics,Y,12-Jan,12-Jan,1,$13.00 ,$13.00 ,2012,,Atlanta,
The Bourne Identity,Ludlum,Robert,Fiction,American,N,15-Jan,,,$9.99 ,$0.00 ,2015,,Tampa,
The Great Divorce,Lewis,C.S.,Religion,Apologetics,Y,14-Jan,14-Jan,1,$13.99 ,$13.99 ,2014,,Atlanta,
Mary: A Catholic-Evangelical Debate,Longnecker,Dwight,Religion,Catholic,Y,17-Aug,17-Aug,1,$10.95 ,$10.95 ,2017,,Amazon,
The Spiritual Exercises of Saint Ignatius,Loyola,Ignatius of,Religion,Catholicism,N,,,,$14.00 ,$11.63 ,2016,,Atlanta,
The Nienety-Five Theses & Other Writings,Luther,Martin,Religion,Protestantism,N,,,,$16.00 ,$16.00 ,2016,,Alpharetta,
The Bondage of the Will,Luther,Martin,Religion,Protestantism,N,,,,$19.99 ,$19.99 ,2016,,Amazon,
The Prince,Machiavelli,Niccolo,Philosophy,Philosophy ,N,,,,$15.00 ,$15.00 ,2017,,Atlanta,
The Last Lion,Manchester,William,Biography,Biography,N,,,,$24.00 ,$24.00 ,2015,,Atlanta,
The Greatest Salesman in the World,Mandino,Og,Business,Sales,Y,13-Jan,13-Jan,1,$7.99 ,$7.99 ,2013,,Atlanta,
Concerning Christian Liberty,Luther,Martin,Religion,Catholicism,N,,,,,,,,,
The Suble Art of Not Giving a Fuck,Manson,Mark,Business,Self-Help,N,,,,$24.99 ,$15.00 ,2017,,Atlanta,
e The Story of a Number,Maor,Eli,Science,Mathematics,N,,,,$16.95 ,,2018,,Online,Amazon
Cien Años de Soledad (50 Aniversario),Marquez,Gabriel Garcia,Fiction,Colombian,N,,,,$22.00 ,$22.00 ,2017,,Atlanta,
El Amor en los Tiempos de Colera ,Marquez,Gabriel Garcia,Fiction,Colombian,N,14-Jan,,,$15.95 ,$15.95 ,2014,,Atlanta,
"La Increible Y Triste Historia de la Candida 
Erendira y de Su Abuela Desalmada",Marquez,Gabriel Garcia,Fiction,Colombian,N,14-Jan,,,$14.00 ,$14.00 ,2014,,Atlanta,
Memoria de Mis Putas Tristes,Marquez,Gabriel Garcia,Fiction,Colombian,N,14-Jan,,,$14.95 ,$14.95 ,2014,,Atlanta,
Cien Años de Soledad,Marquez,Gabriel Garcia,Fiction,Colombian,N,,,,$15.95 ,$15.95 ,2014,,Atlanta,
Cien Años de Soledad,Marquez,Gabriel Garcia,Fiction,Colombian,N,,,,$15.95 ,$15.95 ,2014,,Atlanta,
Life of PI,Martel,Yann,Fiction,Canadian,Y,10-Jan,10-Jan,1,$15.00 ,$15.00 ,2010,,Canton,
Beatrice and Virgil,Martel,Yann,Fiction,Canadian,N,,,,$16.00 ,$16.00 ,2013,,Atlanta,
The High Mountains of Portugal,Martel,Yann,Fiction,Canadian,Y,17-Oct,17-Oct,1,$27.00 ,$6.95 ,2017,,Atlanta,
Getting Beyond Better,Martin,Roger,Business,Entrepreneurship,Y,17-Jun,17-Jun,1,$30.00 ,$30.00 ,2017,,Atlanta,
Christianity the First Three Thousand Years,MacCulloch,Diarmaid,Religion,Church History,Y,16-Jan,16-Jan,1,$28.00 ,$28.00 ,2016,,Atlanta,
All Things Made New,MacCulloch,Diarmaid,Religion,Church History,N,,,,$29.95 ,$29.95 ,2016,,Alpharetta,
Mansfield's Book of Manly Men,Mansfield,Stephen,Religion,Manhood,Y,14-Jan,14-Jan,1,$19.99 ,$0.00 ,2014,,Atlanta,
The Communist Manifesto,Marx,Karl,Business,Economics,N,,,,,,,,,
My Life With The Saints,Martin,James,Religion,Catholicism,N,,,,$15.95 ,$11.75 ,2016,,Amazon,
25 Ways to Win With People,Maxwell,John C,Leadership,Self-Help,Y,10-Jan,10-Jan,1,$19.99 ,$19.99 ,2010,,Canton,
Be a People Person,Maxwell,John C,Leadership,Self-Help,Y,9-Jan,10-Jan,1,$16.99 ,$16.99 ,2009,,Canton,
Intentional Living,Maxwell,John C,Self-Help,Self-Help,Y,16-Jan,16-Jan,1,$27.00 ,$27.00 ,2016,,Atlanta,
Failing Forward,Maxwell,John C,Self-Help,Self-Help,N,12-Jan,12-Jan,,$15.99 ,$15.99 ,2012,,Atlanta,
Good Leaders Ask Great Questions,Maxwell,John C,Self-Help,Self-Help,N,12-Jan,12-Jan,,$26.99 ,$26.99 ,2012,,Atlanta,
The 21 Irrefutable Laws of Leadership,Maxwell,John C,Self-Help,Self-Help,Y,9-Jan,10-Jan,1,$24.99 ,$24.99 ,2009,,Canton,
Your Roadmap for Success,Maxwell,John C. ,Business,Self-Help,N,,,,,,,,,
The ISIS Apocalypse,McCants,William,Current Events,Current Events,Y,,,1,$26.99 ,$16.00 ,2016,,Amazon,
Blood Meridian,McCarthy,Cormac,Fiction,American,Y,,,1,$15.95 ,$15.95 ,2016,,Tucson,
The Road,McCarthy,Cormac,Fiction,American,Y,16-Jan,16-Jan,1,$15.95 ,$15.95 ,2016,,Tucson,
Brief,McCormack,Joseph,Business,Time Management,N,11-Jan,11-Jan,,$24.00 ,$24.00 ,2011,,Canton,
Mornings on Horseback,McCullough,David,Biography,Biography,Y,,,1,$17.95 ,$17.95 ,2009,,Atlanta,
1776,McCullough,David,History,History,N,,,,$15.00 ,$15.00 ,2010,,Atlanta,
The Jesuit Guide to Almost Everything,Martin,James,Religion,Catholicism,Y,17-Feb,17-Feb,1,$16.99 ,$16.99 ,2017,,Alpharetta,
Food of the Gods,McKenna,Terence,Philosophy,Philosophy ,N,,,,$16.00 ,$16.00 ,2016,,Atlanta,
Make Your Bed,McRaven,William,Business,Self-Help,N,,,,$18.00 ,$12.60 ,2017,,Atlanta,
Moby Dick,Melville,Hermann,Fiction,American,Y,17-Sep,17-Sep,1,$6.95 ,$6.95 ,2017,,Los Angeles,
Pragmatism: A Reader,Menand,Louis,Philosophy,American,N,,,,$19.00 ,$19.00 ,2014,,Atlanta,
"October 31, 1517",Marty,Martin,Religion,Protestantism,Y,17-Sep,17-Sep,1,$19.99 ,$19.99 ,2017,,Atlanta,
Mary as the Early Christians Knew Her,Mathewes-Green,Frederica,Religion,Orthodoxy,N,,,,$15.00 ,$15.00 ,2017,,San Francisco,
"Bonhoeffer: Pastor, Martyr, Propher, Spy",Metaxas,Eric,Biography,Biography,N,,,,$29.99 ,$0.00 ,2009,,Atlanta,
Utilitarianism,Mill,John Stuart,Philosophy,British,N,,,,$7.95 ,$5.00 ,2017,,Atlanta,
QBQ,Miller,John G,Business,Strategy,Y,,,1,$19.95 ,$12.47 ,2015,,Amazon,
More Than a Carpenter,McDowell,Joshua,Religion,Protestantism,N,,,,$6.99 ,$6.99 ,2016,,Atlanta,
No Man Is an Island,Merton,Thomas,Religion,American,N,,,,$14.95 ,$14.95 ,2017,,Boulder,
Life and Holiness,Merton,Thomas,Religion,Catholicism,N,,,,,,,,,
The Marshmallow Test,Mischel,Walter,Science,Science - Psychology,N,,,,$16.99 ,$16.99 ,2016,,New York,
The Bone Clocks,Mitchell,David,Fiction,American,N,,,,$30.00 ,$7.00 ,2017,,Atlanta,
Unashamed,Moore,Lecrae,Memoir,Memoir,Y,,,1,$24.99 ,$24.99 ,2016,,Atlanta,
Crossing the Chasm,Moore,Geoffrey,Business,Entrepreneurship,Y,,,,,,,,,
Todo Amor,Moraes,Vinicius De,Poetry,Brazilian,N,,,,,,,,,
Pela Luz dos Olhos Teus,Moraes,Vinicius De,Poetry,Brazilian,N,,,,,,,,,
Entering the Orthodox Church,Metropolitan of Nafpaktos,Hierotheos,Religion,Orthodoxy,Y,,Jun-18,1,$20.00 ,$20.00 ,2018,2018,Saint Louis,Archangels Books & Gifts
Not Enough,Moyn,Samuel,Philosophy,Morality,N,,,,,,,,,
Hesychia and Theology,Metropolitan of Nafpaktos,Hierotheos,Religion,Orthodoxy,Y,,Jun-18,1,$42.00 ,$33.00 ,2018,2018,Saint Louis,Archangels Books & Gifts
Emperor of Maladies,Mukherjee,Siddhartha,Science,Science - Medicine,N,,,,$18.00 ,$18.00 ,2014,,Alpharetta,
The Gene,Mukherjee,Siddhartha,Science,Biology,N,,,,,,,,,
El Gen,Mukherjee,Siddhartha,Science,Biology,N,,,,,,,,,
What If,Munroe,Randall,Science,Science ,N,,,,$24.00 ,$15.00 ,2016,,Oklahoma City,
Andrew Carnegie,Nasaw,David,History,Biography,N,,,,,,,,,
Life After Death,Metropolitan of Nafpaktos,Hierotheos,Religion,,,,,,,,,,,
A Million Miles in a Thousand Years,Miller,Donald,Religion,Christian,Y,15-Jan,15-Jan,1,$16.99 ,$16.99 ,2016,,Atlanta,
Blue Like Jazz,Miller,Donald,Religion,Protestantism,Y,15-Jan,15-Jan,1,$16.99 ,$16.99 ,2016,,Alpharetta,
Beyong Good & Evil,Nietzsche,Friedrich,Philosophy,Philosophy ,N,,,,$14.11 ,$14.11 ,2017,,Atlanta,
On the Geneology of Morals,Nietzsche,Friedrich,Philosophy,Philosophy ,N,,,,$15.95 ,$12.27 ,2017,,Atlanta,
Thus Spoke Zarathustra,Nietzsche,Friedrich,Philosophy,Philosophy ,N,,,,$20.00 ,$20.00 ,2017,,Atlanta,
The Birth of Tragedy,Nietzsche,Friedrich,Philosophy,Philosophy ,N,,,,$12.00 ,$12.00 ,2017,,Sacramento,
Aurora,Nietzsche,Friedrich,Philosophy,German,N,,,,$15.00 ,$15.00 ,2017,,Natal,
Beyond Good & Evil,Nietzsche,Friedrich,Philosophy,Philosophy ,N,,,,$9.95 ,$9.95 ,2016,,Atlanta,
On the Geneology of Morals,Nietzsche,Friedrich,Philosophy,Philosophy ,N,,,,$9.95 ,$9.95 ,2016,,Atlanta,
Thus Spoke Zarathustra,Nietzsche,Friedrich,Philosophy,Philosophy ,N,,,,$9.95 ,$9.94 ,2016,,Atlanta,
Twilight of the Idols,Nietzsche,Friedrich,Philosophy,Philosophy ,N,,,,$13.00 ,$13.00 ,2016,,Sacramento,
"Human, All Too Human",Nietzsche,Friedrich,Philosophy,German,N,,,,$18.95 ,$18.95 ,2016,,Atlanta,
The Most Excellent Way to Lead,Noble,Perry,Business,Leadership,N,,,,$17.99 ,$17.99 ,2016,,Amazon,
Searching for God Knows What,Miller,Donald,Religion,Protestantism,Y,15-Jan,15-Jan,1,$15.99 ,$15.99 ,2016,,Atlanta,
Twelve Years a Slave,Northup,Solomon,Memoir,Memoir,N,,,,$15.00 ,$15.00 ,2016,,Atlanta,
O Great One! ,Novak,David,Business,Management,N,16-Jan,,,$25.00 ,$25.00 ,2016,,Atlanta,
Os Judeus Que Construiram o Brasil,Novinsky,Antonioa,History,Brazilian,N,,,,,,,,,
Dreams from My Father,Obama,Barack,Memoir,,N,,,,,,,,,
Everyday Holiness,Morinis,Alan,Religion,Judaism,N,,,,$22.95 ,$17.99 ,2015,,Amazon,
The Qur'An,Muhammed,Muhammed,Religion,Islam,N,,,,$20.00 ,$20.00 ,2017,,Oklahoma City,
Vatican I,O'Malley,,History,Christianity,N,,,,,,,,,
Animal Farm,Orwell,George,Fiction,British,Y,17-Dec,17-Dec,1,$24.00 ,$24.00 ,2017,2017,Oakland,Barnes & Noble
1984,Orwell,George,Fiction,British,N,,,,$24.00 ,$24.00 ,2017,,Oakland,Barnes & Noble
Rights of Man,Paine,Thomas,Philosophy,American,N,,,,,,,,,
Doctor Zhivago,Pasternak,Boris,Fiction,Russian,N,,,,,,,,,
Crucial Conversations,Patterson,Grenny,Business,Communication,Y,14-Jan,14-Jan,1,$20.00 ,$20.00 ,2014,,Atlanta,
Body Language,Pease,Allan,Business,Communication,Y,10-Jan,10-Jan,1,$25.00 ,$25.00 ,2010,,Kennesaw,
The Road Less Travelled,Peck,M. Scott,Self-Help,Self-Help,Y,16-Jan,16-Jan,1,$16.99 ,$16.99 ,2016,,Atlanta,
This Present Darkness,Peretti,Frank E. ,Fiction,Christian American,N,,,,$14.99 ,$8.72 ,2013,,Online,Amazon
The Visitation,Peretti,Frank,Fiction,Christian American,Y,,,,,,,,,
12 Rules for Life: An Antidote to Chaos,Peterson,Jordan B,Science,Psychology,Y,,Feb-18,1,$25.95 ,$15.57 ,2018,2018,Online,Amazon
Maps of Meaning: The Architecture of Belief,Peterson,Jordan B,Science,Psychology,N,,,,,,2018,2018,Online,Amazon
Islam and the Future of Tolerance,Nawaz,Majid,Religion,Islam,N,,,,,,,,,
Capital in the 21st Century,Piketty,Thomas,Business,Economics,N,,,,,,,,,
"Language, Cognition, and Human Nature",Pinker,Steven,Psychology,Linguistics,N,,,,,,,,,
Words and Rules,Pinker,Steven,Psychology,Linguistics,N,,,,,,,,,
The Blank Slate,Pinker,Steven,Psychology,,N,,,,,,,,,
The Stuff of Thought,Pinker,Steven,Psychology,,N,,,,,,,,,
The Language Instinct,Pinker,Steven,Psychology,Linguistics,N,,,,,,,,,
Radical,Nawaz,Majid,Religion,Islam,N,,,,,,,,,
Apologia Pro Vita Sua,Newman,John Henry,Religion,Catholicism,N,,,,,,,,,
Overwhelmed,Noble,Perry,Religion,Religion ,Y,15-Jan,15-Jan,1,$15.99 ,$15.99 ,2015,,Amazon,
The Bell Jar,Plath,Sylvia,Fiction,American,Y,17-Jun,17-Jun,1,$14.99 ,$14.99 ,2016,,Atlanta,
Republic,Plato,Plato,Philosophy,Greek,Y,17-Nov,17-Dec,1,$15.00 ,$9.15 ,2017,,Amaon,
Timaeus and Critias,Plato,Plato,Philosophy,Philosophy ,N,,,,$12.95 ,$5.00 ,2017,,Los Angeles,
Plato: Complete Works,Plato,Plato,Philosophy,Philosophy ,N,,,,$57.50 ,$57.50 ,2016,,Atlanta,
"Euthyphro, Apology, Crito, Menos, Gorgias, 
Menexenus",Plato,Plato,Philosophy,Philosophy ,N,,,,$20.00 ,$20.00 ,2015,,Atlanta,
Phaedrus,Plato,Plato,Philosophy,Greek,N,,,,,,,,,
On the Divine Images,Damascus,John of,Religion,Early Church,N,,,,$10.00 ,$10.00 ,2017,,Atlanta,
The Autobiography of St. Therese of Liseux,Liseux,Therese of,Religion,Catholicism,N,,,,$14.00 ,$14.00 ,2017,,Sacramento,
The Sense of Style,Pnker,Steven,Writing,Non-fiction,N,,,,,,,,,
The Omnivore's Dilemm,Pollan ,Michael,Science,Science - Nutrition,N,,,,$18.00 ,$18.00 ,2014,,Atlanta,
Brand Luther,Pettegree,Andrew,Religion,History,N,,,,$29.95 ,$29.95 ,2016,,Atlanta,
Desiring God,Piper,John,Religion,Religion,Y,14-Jan,14-Jan,1,$15.99 ,$15.99 ,2014,,Atlanta,
Jesus and the Jewish Roots of the Eucharyst,Pitre,Brant,Religion,Catholicism,N,,,,$15.00 ,$15.00 ,2017,,Atlanta,
Ishmael,Quinn,Daniel,Fiction,American,Y,16-Jan,16-Jan,1,$18.00 ,$18.00 ,2016,,Burbank,
Where the Conflict Really Lies,Plantinga ,Alvin,Religion,Apologetics,N,,,,$27.95 ,$27.95 ,2013,,Amazon,
Entreleadership,Ramsey,Dave,Business,Entrepreneurship,N,,,,$26.00 ,$0.00 ,2014,,Atlanta,
The Total Money Makeover,Ramsey,Dave,Business,Finance,Y,12-Jan,12-Jan,1,$24.99 ,$24.99 ,2012,,Atlanta,
Anthem,Rand ,Ayn,Fiction,American,Y,10-Jan,10-Jan,1,$7.99 ,$7.99 ,2010,,Kennesaw,
The Fountainhead,Rand ,Ayn,Fiction,American,N,,,,$25.00 ,$25.00 ,2011,,Atlanta,
Atlas Shrugged,Rand ,Ayn,Fiction,American,N,,,,$26.00 ,$26.00 ,2011,,Atlanta,
Strengthsfinder 2.0,Rath,Tom,Self-Help,Self-Help,Y,15-Jan,15-Jan,1,$27.95 ,$27.95 ,2015,,Atlanta,
Counter Culture,Platt,David,Religion,Religion,Y,15-Jan,15-Jan,1,$19.99 ,$19.99 ,2015,,Atlanta,
Radical Together,Platt,David,Religion,Religion,N,,,,$14.99 ,$14.99 ,2015,,Atlanta,
The Common Good,Reich,Robert B.,Politics,American,Y,,Apr-18,,$22.95 ,$22.95 ,2018,2018,St. Louis,Barnes & Noble
I'm Thinking of Ending Things,Reid,Ian,Fiction,American,Y,16-Jan,16-Jan,1,$22.95 ,$22.95 ,2016,,Omaha ,
The Lean Startup,Ries,Eric,Business,Entrepreneurship,N,,,,$28.00 ,$15.62 ,2015,,Amazon,
Please Stop Helping US,Riley,Jason,Current Events,,N,,,,,,,,,
Stiff,Roach,Mary,Science,,Y,,,,,,,,,
Becoming the One,Roat,Salome,Dating,Christian,N,,,,$15.00 ,$0.00 ,,,,
Unshakeable,Robbins,Tony,Business,Finance,N,17-Jan,,,$26.00 ,$26.00 ,2017,,Burbank,
Money: Master the Game,Robbins,Tony,Business,Finance,N,14-Jan,,,$28.00 ,$28.00 ,2014,,Atlanta,
Poder Sem Limites,Robbins,Anthony,Business,Self-Help,N,,,,$20.00 ,$20.00 ,2017,,Natal,
Awaken the Giant Within,Robbins,Tony,Business,Self-Help,Y,,,,,,,,,
God's Bankers,Posner,Gerald,Religion,Catholicism,N,,,,$30.00 ,$13.45 ,2017,,Amazon,
Viva a Lingua Brasileira,Rodrigues,Sergio,Science,Linguistics,N,,,,,,,,,
The Rational Bible: Exodus,Prager,Dennis,Religion,Judaism,N,,,,,,,,,
The Philosopher's Handbook,Rosen,,Philosophy,,N,,,,,,,,,
Seven Brief Lessons on Physics,Rovelli,Carlo,Science,Physics,Y,,,1,$18.00 ,$11.30 ,2015,,Amazon,
The Satanic Verses,Rushdie,Salman,Fiction,Indian,N,14-Jan,,,$17.00 ,$17.00 ,2017,,Atlanta,
Haroun and the Sea of Stories,Rushdie,Salman,Fiction,Indian,N,,,,$16.00 ,$16.00 ,2016,,Atlanta,
The Problem of Philosophy,Russell,Betrand,Philosophy,Philosophy ,N,,,,$7.95 ,$7.95 ,2010,,Kennesaw,
The Man Who Mistook His Wife For a Hat,Sacks ,Oliver,Science,Science - Psychology,N,17-Apr,,,$15.99 ,$9.69 ,2017,,San Diego,
O Pequeno Principe,Saint-Exupery,Antoine de,Fiction,Children - French,N,,,,$20.00 ,$20.00 ,2017,,Natal,
What Money Can't Buy,Sandel,Michael,Philosophy,Philosophy ,N,,,,$15.00 ,$15.00 ,2014,,Atlanta,
Ensayo Sobe la Ceguera,Saramago ,Jose,Fiction,Portuguese,N,,,,$9.95 ,$9.95 ,2017,,Atlanta,
Nausea,Sartre,Jean-Paul,Fiction,French,N,,,,$14.95 ,$14.95 ,2014,,Atlanta,
Existentialism is a Humanism,Sartre,Jean-Paul,Philosophy,French,Y,9-Jan,9-Jan,1,$9.95 ,$9.95 ,2009,,Canton,
Dominion,Scully,Matthew,Philosophy,Philosophy ,N,,,,$19.99 ,$14.93 ,2017,,Amazon,
Magic of Public Speaking,Sedniev,Andrii,Public Speaking,Public Speaking,N,12-Jan,12-Jan,,$9.95 ,$9.95 ,2012,,Amazon,
Letters From a Stoic,Seneca,Seneca,Philosophy,Roman,Y,17-Jan,17-Aug,1,$16.00 ,$13.60 ,2017,,Atlanta,
Orthodoxy and Catholicism: What Are the Differences? ,Pulcini,Theodore,Religion,Orthodoxy,Y,17-Nov,17-Nov,1,$3.95 ,$3.95 ,2017,2017,San Francisco,
The Signal and the Noise,Silver,Nate,Science,Statistics,N,,,,$18.00 ,$18.00 ,2017,,Tampa,
Start With Why,Sinek,Simon,Business,Motivation,Y,14-Jan,14-Jan,1,$16.00 ,$16.00 ,2014,,Atlanta,
Animal Liberation,Singer,Peter,Philosophy,American,Y,17-Jun,17-Jun,1,$14.99 ,$10.23 ,2017,,Amazon,
The Ethics of What We Eat,Singer,Peter,Philosophy,Philosophy ,N,,,,$16.99 ,$13.84 ,2017,,Amazon,
The Most Good You Can Do,Singer,Peter,Philosophy,Philosophy ,N,,,,$25.00 ,$25.00 ,2016,,Atlanta,
"Seeking Allah, Finding Jesus",Qureshi,Nabeel,Religion,Apologetics,Y,14-Jan,14-Jan,1,$16.99 ,$16.99 ,2014,,Atlanta,
The Immortal Life of Henrietta Lacks,Skloot,Rebecca,Science,Biology,N,,,,,,,,,
The Grim Grotto,Snicket,Lemony,Fiction,Children - American,Y,,,,,,,,,
The Slippery Slope,Snicket,Lemony,Fiction,Children - American,Y,,,,,,,,,
The Gulag Archipelago,Solzhenitsyn,Aleksandr,History,Russian,N,,,,,,,,,
"""Tricle Down"" Theory and ""Tax Cuts for the Rich""",Sowell,Thomas,Politics,American,Y,,,,,,,,,
Black Rednecks and White Liberals,Sowell,Thomas,Politics,,Y,,,,,,,,,
Discrimination and Disparities,Sowell,Thomas,Business,Economics,N,,,,,,,,,
Crossing the Tiber,Ray,Stephen,Religion,Catholicism,Y,17-Sep,17-Sep,1,$18.95 ,$10.90 ,2017,,Amazon,
Upon this Rock,Ray,Stephen,Religion,Catholicism,N,,,,$18.95 ,$14.54 ,2017,,Amazon,
The Millionaire Next Door,Stanley ,Thomas,Business,Finance,Y,,,1,$22.00 ,$22.00 ,2014,,Amazon,
Essential Judaism,Robinson,George,Religion,Judaism,N,,,,,,,,,
East of Eden ,Steinbeck,John,Fiction,American,Y,15-Jan,17-Sep,1,$18.00 ,$18.00 ,2015,,Atlanta,
The Mathematics of Life,Stewart,Ian,Science,Science - Math,N,,,,$27.99 ,$15.00 ,2016,,Oklahoma City,
The War Against Boys,Summers,Christina Hoff,Politics,American,Y,,May-18,1,$17.00 ,$9.99 ,2018,2018,Online,Amazon
The Theoretical Minimum: Physics,Susskind,Leonard,Science,Physics,N,,,,$16.99 ,$16.99 ,2017,,Atlanta,
Quantum Mechanics ,Susskind,Leonard,Science,Science - Physics,N,,,,$17.99 ,$17.99 ,2016,,Atlanta,
The Nest,Sweeney,Cynthia D'Aprix,Fiction ,American,N,,,,$22.99 ,$5.98 ,2017,,San Francisco,Green Apple Books
The Goldfinch,Tartt,Donna,Fiction,American,N,,,,$30.00 ,$8.00 ,2017,,Atlanta,
The Place of Blessed Augustine,Rose,Seraphim,Religion,Orthodoxy,N,,,,$10.00 ,$10.00 ,2017,,San Francisco,
The Soul After Death,Rose,Seraphim,Religion,,,,,,,,,,,
Lif of Christ,Sheen,Fulton,Religion,Catholicism,N,,,,$19.00 ,$15.00 ,2017,,Spokane,
Zero to One,Thiel,Peter,Business,Entrepreneurship,Y,14-Jan,14-Jan,1,$27.00 ,$27.00 ,2014,,Atlanta,
Walden,Thoreau,Henry David,Philosophy,Philosophy ,Y,9-Jan,9-Jan,1,$15.00 ,$15.00 ,2009,,Canton,
Becoming Wise,Tippet,Krista,Philosophy,Philosophy ,N,,,,$17.00 ,$17.00 ,2016,,Atlanta,
The Fellowship of the Ring,Tolkien,J.R.R.,Fiction,British,N,,,,$10.95 ,$10.95 ,2017,,Atlanta,
The Lord of the Rings 50 Year Anniversary Edition,Tolkien,J.R.R.,Fiction,British,N,,,,$20.00 ,$20.00 ,2017,,Sacramet,
O Hobbit,Tolkien,J.R.R.,Fiction,British,N,,,,$15.00 ,$15.00 ,2017,,Natal,
A Sociedade do Anel,Tolkien,J.R.R.,Fiction,British,N,,,,,,,,,
As Duas Torres,Tolkien,J.R.R.,Fiction,British,N,,,,,,,,,
O Retorno do Rei,Tolkien,J.R.R.,Fiction,British,N,,,,,,,,,
The Hobbit,Tolkien,J.R.R.,Fiction,British,N,,,,,,,,,
Habits of the Mind,Sire,James,Religion,Religion,N,,,,$15.00 ,$15.00 ,2013,,Amazon,
Anna Karenina,Tolstoy,Leo,Fiction,Russian,Y,15-Jan,17-Sep,1,$18.00 ,$18.00 ,2015,,Atlanta,
The Death of Ivan Ilyich,Tolstoy,Leo,Fiction,Russian,N,,,,$16.95 ,$16.95 ,2016,,Tucson,
The Death of Ivan Ilyich (Hardcover),Tolstoy,Leo,Fiction,Russian,N,,,,,,,,,
War and Peace,Tolstoy,Leo,Fiction,Russian,N,,,,,,,,,
Biblical Literalism: A Gentile Heresy,Spong,John Shelby,Religion,Religion,N,,,,$26.99 ,$26.99 ,2016,,Amazon,
Orthodox Spirituality,Staniloae,Dumitru,Religion,Orthodoxy,N,,,,,,,,,
"Love, Sex & Dating",Stanley ,Andy,Religion,Dating,Y,14-Jan,14-Jan,1,$14.99 ,$14.99 ,2014,,Atlanta,
"Orthodoxy: Catholicism Without Additions, Protestantism Without Subtractions",Suciu,Danut,Religion,Orthodoxy,N,,,,$2.99 ,$0.00 ,2018,,Saint Louis,Archangels Books & Gifts
Change Your Thinking Change Your Life,Tracy,Brian,Self-Help,Self-Help,Y,,,1,$8.00 ,$8.00 ,2016,,Atlanta,
No Excuses,Tracy,Brian,Self-Help,Self-Help,N,,,,$8.00 ,$8.00 ,2016,,Atlanta,
The Vatican Prophecies,Thavis,John,Religion,Catholicism,Y,17-Aug,17-Aug,1,$27.95 ,$15.97 ,2017,,Amazon,
Economics for the Common Good,Triole,Jean,Business,Economics,N,,,,,,,,,
The Art of War,Tzu,Sun,Philosophy,War,N,,,,,,,,,
Dark Night of the Soul,the Cross,John of,Religion,Catholicism,N,,,,$14.00 ,$14.00 ,2015,,Oklahoma City,
The Path to Salvation,The Recluse,St. Theophan ,Religion,Orthodoxy,N,,,,,,,,,
The Constitution of the United States of America,USA,USA,Law,Law,N,,,,$7.98 ,$7.98 ,2017,,Atlanta,
A Confession,Tolstoy,Leo,Religion,Christian,Y,13-Jan,13-Jan,1,$10.00 ,$10.00 ,2013,,Atlanta,
Prayer,Tozer,A.W.,Religion,Religion,N,,,,$14.99 ,$14.99 ,2016,,Atlanta,
God's Pursuit of Man,Tozer,A.W.,Religion,Religion,N,,,,$12.99 ,$0.00 ,2015,,Atlanta,
Crush It! ,Vaynerchuk,Gary,Business,Entrepreneurship,Y,17-May,17-May,1,$22.99 ,$22.99 ,2017,,Alpharetta,
#AskGaryVee,Vaynerchuk,Gary,Business,Entrepreneurship,N,,,,$29.99 ,$29.99 ,2016,,Atlanta,
"Jab, Jab, Right hook",Vaynerchuk,Gary,Business,Entrepreneurship,N,,,,$29.99 ,$16.85 ,2016,,Amazon,
The Thnk You Economy,Vaynerchuk,Gary,Business,Entrepreneurship,Y,17-May,17-May,1,$25.99 ,$15.26 ,2017,,Amazon,
Candide,Voltaire,Voltaire,Fiction,French,Y,10-Jan,10-Jan,1,$4.95 ,$4.95 ,2010,,Atlanta,
Cat's Cradle,Vonnegut,Kurt,Fiction,American,Y,16-Jan,16-Jan,1,$16.00 ,$16.00 ,2016,,Atlanta,
Slaughterhouse-Five,Vonnegut,Kurt,Fiction,American,Y,10-Jan,10-Jan,1,$15.00 ,$15.00 ,2010,,Atlanta,
Life Without Limits,Vujicic,Nick,Self-Help,Self-Help,Y,15-Jan,15-Jan,1,$14.99 ,$14.99 ,2015,,Alpharetta,
The Glass Castle,Walls,Jeannette,Memoir,Memoir,Y,,,1,$17.00 ,$17.00 ,2016,,Atlanta,
The Knowledge of the Holy,Tozer,A.W.,Religion,Religion,N,,,,$13.99 ,$0.00 ,2015,,Atlanta,
"In a Dark, Dark Wood",Ware,Ruth,Fiction,American,N,,,,$16.00 ,$16.00 ,2016,,Atlanta,
Man: The Dwelling Place of God,Tozer,A.W.,Religion,Religion,N,,,,$15.00 ,$0.00 ,2015,,Atlanta,
The First 90 Days,Watkins,Michael,Business,Management,N,,,,$30.00 ,$16.17 ,2017,,Atlanta,
"Rock and Sand: An Orthodox Appraisal of the 
Protestand Reformers and Their Teachings",Trenham,Josiah,Religion,Orthodoxy,Y,17-Nov,17-Nov,1,$22.99 ,$22.99 ,2017,,Amazon,
The Invisible Man,Wells,H.G.,Fiction,British,Y,,,,,,,,,
Naked Economics,Wheelan,Charles ,Business,Economics,Y,17-Mar,17-Mar,1,$16.95 ,$16.95 ,2017,,Atlanta,
Naked Money,Wheelan,Charles ,Business,Economics,N,,,,$27.95 ,$20.00 ,2017,,Amazon,
The Case Interview: 20 Days to Ace the Case,Whitehurst,Destin,Study Aids,Case Study,N,,,,$14.99 ,$12.74 ,2017,,Amazon,
The Reformation: 500 Years Later,Wiker,Benjamin,History,Christian,Y,,,1,$29.99 ,$29.99 ,2017,,Atlanta,
The Cloud of Unknowing,unknown,unknown,Religion,Catholicism,N,,,,$14.00 ,$11.36 ,2016,,Amazon,
A Beautiful Question,Wilczek,Frank ,Science,Science - Biology,N,,,,$29.95 ,$29.95 ,2015,,Atlanta,
An Orthodox Prayer Book,unknown,unknown,Religion,Christian Orthodox,N,,,,,,,,,
Los Books of the Bible,Various,Various,Religion,Scriptures,N,,,,$7.00 ,$7.00 ,2016,,Atlanta,
Catechism of the Catholic Church,Vatican,Vaican,Religion,Catholicism,N,,,,$16.00 ,$16.00 ,2016,,Atlanta,
The Basson King,Wilson,Rainn,Memoir,Memoir,N,,,,$16.00 ,$16.00 ,2015,,Atlanta,
The Inner Life of Animals,Wohlleben,Peter,Science,Science,N,,,,$24.95 ,$17.50 ,2017,,Sacramento,
A Century of Wealth in America,Wolff,Edward,Business,Economics,N,,,,,,,,,
Vatican II: Essential Texts,Vatican,Vatican,Religion,Catholicism,Y,17-Jan,17-Sep,1,$17.00 ,$17.00 ,2016,,Atlanta,
The Orthodox Church,Ware,Timothy,Religion,Orthodoxy,N,,,,$18.00 ,$14.40 ,2017,,Amazon,
On Writing,Zinsser,William,Writing,Writing,Y,12-Jan,12-Jan,1,$15.99 ,$15.99 ,2010,,Kennesaw,
A Menina Que Roubava Livros,Zusak,Markus,Fiction,American,N,,,,$20.00 ,$0.00 ,2017,,Natal,
What on Earth Am I Here For? ,Warren,Rick,Religion,Religion,N,,,,$22.99 ,$22.99 ,2015,,Atlanta,
The Four Pillars of a Man's Heart,Weber,Stu,Religion,Manhood,N,,,,$18.99 ,$18.99 ,2015,,Atlanta,
Touching the Heart of God,Wilbur,Paulo,Religion,Religion,N,,,,$14.99 ,$14.99 ,2016,,Atlanta,
The Spirit of the Disciplines,Willard,Dallas,Religion,Religion,N,,,,$15.99 ,$15.99 ,2014,,Amazon,
The Divine Conspiracy,Willard,Dallas,Religion,Religion,N,,,,$24.99 ,$24.99 ,2014,,Amazon,
Hearing God,Willard,Dallas,Religion,Christian,Y,14-Jan,14-Jan,1,$18.00 ,$10.78 ,2014,,Amazon,
Basic Economics,Sowell,Thomas,Business,Economics,,,,,,,,,,
Beyond Opinion,Zacharias,Ravi,Religion,Apologetics,N,,,,$15.99 ,$15.99 ,2016,,Tucson,
Remember Thy First Love,Zacharias,Archimandrite,Religion,Orthodoxy,N,,,,$27.95 ,$27.95 ,2018,,Saint Louis,Archangels Books & Gifts
Blessed John Duns Scotus: The Case for the Existence of God and the Immaculate Conception,Ziccardi,M. James,Religion,Catholicism,N,,,,,,,,,
Exploring Catholic Theology,Barron,Robert B.,Religion,Catholicism,,,,,,,,,,
The Strange Death of Europe,Murray,Douglas,Politics,Current Events,Y,,Jul-18,1,$26.00 ,$26.00 ,2018,2018,Saint Louis,Barnes & Noble
